chunk_id,doc_id,title,queue,chunk_text,resolution,case_type,case_priority
DOC-001-CASE-1,DOC-001,Billing and Payments,Billing and Payments,"Problems with Payment Processing. I recently ran into an unanticipated payment processing issue. This could be due to a technical problem or a subscription error. Despite checking my account balance and subscription status, the issue still exists. I would be grateful if you could investigate and provide a solution promptly. Please inform me if you require any additional information from me to address this issue.","Hello <name>, we are sorry to hear that you are facing a payment processing problem. I am here to help you resolve this. To better understand the situation, could you please provide your <acc_num> and the date of the failed payment? If needed, I may contact you; please let me know a convenient time to call you at <tel_num>. I will get back to you with a solution as soon as possible.",Incident,high
DOC-001-CASE-2,DOC-001,Billing and Payments,Billing and Payments,"Enhancing Zoho CRM Performance Strategies. Could share insights on enhancing Zoho CRM brand growth strategies? Your assistance is crucial, and I look forward to your response soon.","I would be delighted to help enhance Zoho CRM brand growth strategies. To provide specific guidance, we need to know your current setup and goals. Could you please provide additional information on your Zoho CRM configuration to help us achieve your objectives? We are glad to assist and can schedule a call at your convenience to discuss in detail.",Request,high
DOC-001-CASE-3,DOC-001,Billing and Payments,Billing and Payments,Enhancing Adobe Photoshop Marketing Techniques. Would appreciate advice on refining Adobe Photoshop CC 2021 marketing tactics to boost workflow and produce compelling content. Your support is highly valued. I look forward to your prompt response.,Offering guidance on optimizing Adobe Photoshop CC marketing strategies. Please share the specifics of your current workflow and goals. Contact <tel_num> for a detailed discussion and assistance.,Request,medium
DOC-001-CASE-4,DOC-001,Billing and Payments,Billing and Payments,"Invoicing Errors and Zoho CRM Integration Issues. There have been invoicing errors because of incorrect billing data that was synced to QuickBooks. This problem might be linked to the integration with Zoho CRM. I have already restarted the MySQL service and reviewed the Joomla settings, but the issue still exists. Urgent help is needed to resolve this.",I will look into the invoicing errors and the Zoho CRM integration problem. Please provide your account number and a convenient telephone number for me to contact you at a time that suits you for a detailed discussion.,Problem,high
DOC-001-CASE-5,DOC-001,Billing and Payments,Billing and Payments,Support Concern About Billing. A financial organization is facing incorrect billing charges for analytics services. The issue might have arisen from a data entry error. Attempts to reconcile statements and contact support have not resolved the problem. Appreciate a prompt review and resolution.,"Received your email regarding the billing issue for analytics services. To proceed, I need to review your account details. Please confirm your account number <acc_num> so we can address the matter. If necessary, please contact <tel_num> to discuss the issue further and provide a resolution as soon as possible.",Problem,medium
DOC-001-CASE-6,DOC-001,Billing and Payments,Billing and Payments,Report on Data Breach through Google Meet. Patient data was exposed due to an incorrectly set up meeting. Restarted the session and reviewed Azure security measures.,Acknowledging the report on the data breach via Google Meet. Could you furnish additional details about the misconfigured meeting for a thorough investigation and resolution?,Incident,low
DOC-001-CASE-7,DOC-001,Billing and Payments,Billing and Payments,Billing Assistance. Our company encountered unexpected billing discrepancies with annual subscriptions. We have already reviewed the billing history and reached out to support.,"To address the billing discrepancies related to your annual subscriptions, I will be checking your account number <acc_num>. To assist you better, could you please provide more details about the discrepancies you have found? It would be most convenient for us to discuss this over a call at <tel_num>. This will help ensure we review the billing history and find a solution as soon as possible.",Problem,medium
DOC-001-CASE-8,DOC-001,Billing and Payments,Billing and Payments,"Enhancing Digital Strategies Today. Customer Support, seeking advice to optimize digital strategies for a Seagate Expansion Desktop 6TB and Google Nest Wifi Router. Would appreciate insights and recommendations to better utilize these devices and enhance the digital experience. Specifically, interested in learning how to optimize storage and network performance. Thank you for your assistance, and I look forward to hearing from you soon.",Would be happy to help optimize your digital strategies. Please provide details on your current setup so I can offer the best guidance and recommendations to enhance your digital experience.,Request,high
DOC-001-CASE-9,DOC-001,Billing and Payments,Billing and Payments,Inquiry Regarding Data Analytics Services. Is it possible to get information on data analytics services that optimize investment strategies? This would greatly assist us in making informed decisions and potentially enhancing our portfolio performance. Thank you for your assistance!,"<name>, thank you for your inquiry regarding data analytics services. We offer a range of solutions that can help optimize investment strategies, including data visualization, predictive modeling, and portfolio performance analysis. Our services are designed to help you make informed decisions and improve your portfolio performance. We can provide tailored information based on your needs. Could you please provide us with more details about your current investment portfolio and specific goals? We would be happy to schedule a call at your convenience to discuss this further. Please let us know.",Request,low
DOC-001-CASE-10,DOC-001,Billing and Payments,Billing and Payments,"Unanticipated Billing Discrepancies Across Various Products. Noted billing discrepancies across several products, possibly stemming from integration problems with payment gateways. Efforts to resolve by reviewing account settings and reconciling transactions have been inconclusive.",Kindly furnish details on the discrepancies to aid in our investigation and assist in resolving the issues. Please include account number: <acc_num>.,Incident,high
DOC-001-CASE-11,DOC-001,Billing and Payments,Billing and Payments,"Features for Investment Tracking in Zoho Books. Hello Customer Support, I am writing to request information about the investment tracking and analytics features available in Zoho Books. Could you provide me with more details? Additionally, please inform me if there are any complementary tools or integrations that can improve my investment tracking experience. I thank you in advance for your assistance and look forward to your response.","I will review the investment tracking features in Zoho Books and provide you with the necessary information, or contact you at a convenient time for further discussion.",Request,medium
DOC-001-CASE-12,DOC-001,Billing and Payments,Billing and Payments,"Medical Data Encryption Assistance Required. The encryption process for medical data has failed, leading to the exposure of patient information because of an outdated version of Avast antivirus software and incompatible Airtable plugins.",Please reach out to me at <tel_num> to address the medical data encryption issue at your earliest convenience.,Incident,medium
DOC-001-CASE-13,DOC-001,Billing and Payments,Billing and Payments,Request for Update on Billing Information for Marketing and Digital Strategies. I am reaching out to request an update on the billing information related to our products and marketing digital strategies for brand growth initiatives. Could you please assist with this matter? I would greatly appreciate it if you could provide the necessary steps to update the billing information as soon as possible.,"<name> is happy to assist with updating the billing information for marketing and digital strategies, including brand growth initiatives and related products. To update the billing information, please log into your account on the website, navigate to the billing section, and edit the billing details. If you are unable to access your account and require assistance, please provide <acc_num> and <name> will be happy to guide you through the process. Alternatively, you can contact <tel_num> for assistance in updating the billing information over the phone. Please provide your new billing information.",Change,medium
DOC-001-CASE-14,DOC-001,Billing and Payments,Billing and Payments,"Payment Methods for Magento Connectivity. Greetings Customer Support, I am contacting you to seek information about the payment methods that are compatible with integrating Magento into your SaaS platform. I am keen to understand the different payment gateways and mechanisms that can be utilized to enable transactions between the two. Could you please inform me if PayPal, Stripe, and Authorize.net are among the supported payment gateways? Furthermore, I would be grateful for any details regarding the associated costs and whether any discounts are offered for large transaction volumes. I eagerly anticipate your response and am looking forward to learning more about the payment solutions for Magento integration with your SaaS platform. Thanks for your assistance. Sincerely, [Your Name]","We offer support for various payment gateways such as PayPal, Stripe, and Authorize.net for Magento integration. The costs for these options differ, and discounts are available for high-volume transactions. Please let me know a suitable time for a call at <tel_num> so I can elaborate further and provide more specific details.",Request,medium
DOC-002-CASE-1,DOC-002,Customer Service,Customer Service,Support Request for Integrations. Can you provide details on the integrations available between project management SaaS and the products I mentioned? I would appreciate knowing which integrations are compatible.,Our project management SaaS supports multiple integrations with different products. Could you please specify the products you are interested in so we can check the available integrations? You can respond via this email or we can arrange a call at your convenience to discuss further. Please indicate your preference and we will proceed.,Request,medium
DOC-002-CASE-2,DOC-002,Customer Service,Customer Service,"Potential Data Breach in Medical Records System. There is a potential data breach that has compromised medical records in our hospital systems. This may be due to outdated software vulnerabilities. We have attempted system updates, secured access points, and run security scans, but the issue still persists. Immediate assistance is needed to resolve this matter and prevent further damage. Please provide guidance on the next steps to take. We appreciate your prompt attention to this urgent matter.",Please contact <tel_num> to discuss the data breach and we will guide you on the next steps to resolve the issue and prevent further damage.,Problem,low
DOC-002-CASE-3,DOC-002,Customer Service,Customer Service,"Support for Cassandra 4.0 Wave. I am looking for customer support to seek guidance on how to optimize my investments using Cassandra 4.0 Wave for data analytics. Could you provide some tips, best practices, and tools that might help improve data processing and analysis? Additionally, could you inform me about any known limitations or common pitfalls when using Cassandra 4.0 Wave? Your assistance would be greatly appreciated, and I look forward to hearing from you soon.",I would be happy to help optimize your use of Cassandra 4.0 Wave for data analytics. Please allow me to call you at your convenience so we can discuss and provide tailored guidance and best practices.,Request,medium
DOC-002-CASE-4,DOC-002,Customer Service,Customer Service,"Concern Regarding Data Exposure. We have received notification about a data leak originating from a security flaw, leading to the unauthorised disclosure of medical information. We sincerely regret any distress this may have caused. For better assistance, we require additional information pertaining to the specific security flaw mentioned. Moreover, we will need to schedule a call at a time convenient for you to delve deeper into this matter. Could you kindly confirm your availability for a discussion?","Acknowledging your communication regarding a data leak issue caused by a security vulnerability that has unfortunately resulted in the exposure of medical data. We are truly sorry for any distress this may have caused. To proceed, we need further details about the security vulnerability. Additionally, we would like to arrange a call at a time that suits you to discuss this matter in more detail. Could you please confirm your availability for such a call?",Incident,high
DOC-002-CASE-5,DOC-002,Customer Service,Customer Service,"Support for Reduced Brand Engagement. Our marketing agency has encountered a decline in brand engagement, despite implementing digital strategies. This could be due to ongoing technical issues with outdated tools. We have already attempted to revise ad campaigns and optimize available software tools, but we need further assistance to resolve these issues.","<name>, we appreciate you reaching out to us about the issue of reduced brand engagement, even with the digital strategies in place. We understand that you have already made efforts to revise ad campaigns and optimize the available software tools, which we see as a positive step. To better assist you, could you please provide more details about the technical issues you are experiencing and the outdated tools you are currently using? This will help us identify the root cause of the problem and provide a suitable solution. It would be convenient for us to schedule a call at your earliest convenience.",Incident,medium
DOC-002-CASE-6,DOC-002,Customer Service,Customer Service,Accessible Team Collaboration Tools. I would like to know more about the team collaboration and task tracking features in your project management SaaS solution. Could you share detailed information on these tools and functionalities?,I will send you an email with the details about our team collaboration and task tracking tools at your convenience.,Request,medium
DOC-002-CASE-7,DOC-002,Customer Service,Customer Service,"System Requirements for Integrating Terraform. Greeting from Customer Support, I am contacting you to seek information about the system requirements needed for integrating Terraform into our project management SaaS. Could you specify the operating systems and software versions that are compatible? Are there any specific dependencies or libraries that need to be set up? I also need to be informed about any compatibility issues that might affect the integration. Moreover, could you guide me on how to handle common problems that might occur during the integration process? I am eager to benefit from using Terraform with your SaaS, but I want to make sure the integration is seamless and successful. Thank you for your time and help. I am looking forward to your response and would appreciate it if you could provide me with further details on system requirements. I have reviewed your documentation but need more specifics.","Hello <name>, we appreciate your inquiry regarding the system requirements for integrating Terraform with our project management SaaS. Our support is available for Windows, Linux, and macOS operating systems, as detailed in our system requirements document. To provide more tailored assistance, could you please confirm your current operating system and software versions? I am available to discuss this further either over the phone at a convenient time or via email with more detailed information. Thank you.",Request,low
DOC-002-CASE-8,DOC-002,Customer Service,Customer Service,"Support for Integrating Project Management Tools with Existing Products. I am in need of assistance with writing a request to integrate project management tools with our existing products. This integration would significantly enhance the functionality and user experience. Our goal is to streamline workflows, improve collaboration, and increase productivity. I believe that the integration would be highly beneficial for our customers and would like to discuss this further. Please let me know if there is an opportunity to explore this. I look forward to hearing from you.",I would be happy to discuss the integration of project management tools with our existing products. Please provide details on the specific tools you are interested in and we can schedule a call at the earliest convenience to explore this further.,Change,low
DOC-002-CASE-9,DOC-002,Customer Service,Customer Service,"Effective Digital Strategies for Brand Growth with Our Products. Hi, I am keen to understand effective digital strategies that can boost brand growth with your products. Could you share your insights?","Certainly, I am ready to explore digital strategies for brand growth with our products. Could you provide more details on the specific products you are interested in, so I can offer more personalized advice and recommendations?",Request,medium
DOC-002-CASE-10,DOC-002,Customer Service,Customer Service,"Improving Digital Marketing Tactics for Enhanced Brand Expansion. Hello Customer Support, I am writing to request an update on our digital marketing strategies. My goal is to enhance brand growth and customer engagement across different platforms. My objective is to increase our online presence and foster meaningful connections with our audience. I would greatly appreciate it if you could provide guidance on the latest trends and practices to help us achieve this. Please let me know the next steps to implement these changes. Thank you for your time and assistance.","We will assist in updating your digital marketing strategies for brand expansion. To better understand your goals, we would like to discuss them with you and provide tailored guidance. I am available for a call at your convenience to explore the latest trends and practices that can help enhance your online presence and customer engagement.",Change,medium
DOC-002-CASE-11,DOC-002,Customer Service,Customer Service,"Marketing Agency's Recent Digital Campaigns Fall Short of Growth Goals. Adjusted Audience Segmentation and Analyzed Past Campaign Data, But Improvement Is Still Needed. Urgent Attention Required.. The recent digital campaigns by the marketing agency have not met the growth targets. After attempting to adjust the audience segmentation and analyze previous campaign data, there was some improvement, but the issue still persists and requires urgent attention.",Request a meeting to discuss the campaign details immediately.,Incident,high
DOC-002-CASE-12,DOC-002,Customer Service,Customer Service,"Problem Encountered with Investment Analytics Platform. The investment analytics platform has experienced a malfunction, leading to data loss during portfolio optimization. It seems that incompatible software updates could be the cause. Despite restarting the system, verifying updates, and contacting IT support, the issue still persists. Assistance is needed to resolve the matter and ensure such problems do not reoccur in the future.",I will look into the issue with the investment analytics platform and arrange a call to discuss the problem and explore potential solutions to prevent future occurrences at a convenient time.,Problem,high
DOC-002-CASE-13,DOC-002,Customer Service,Customer Service,"Support for Enhancing SEO of WordPress Site. I am looking to improve the SEO of my WordPress site and inquire about strategies to optimize it for better search engine rankings. Could you provide insights on digital strategies that can be employed to enhance the website's visibility? I am particularly interested in learning about keyword research, on-page optimization, and link building. Additionally, I would like to know about the tools and resources that can support my SEO efforts. Please let me know your guidance and recommendations on how to improve the website's search engine ranking and drive more traffic to the site.",I would be happy to help optimize the SEO of your WordPress site and can offer various digital strategies and tools to improve its search engine ranking. Let's discuss further; could you please provide the website's URL and a convenient time to go over practices such as keyword research and on-page optimization?,Request,medium
DOC-002-CASE-14,DOC-002,Customer Service,Customer Service,"Inquiry About Tools for Optimizing Investment Portfolios. Hello Customer Support, I am writing to inquire about data analytics tools that can assist with optimizing investment portfolios for individual investors. As an individual investor, I seek tools that can help me make well-informed decisions and enhance my returns. I would greatly appreciate it if you could offer me recommendations or guidance on how to begin. Specifically, I am keen on learning more about tools capable of analyzing market trends, monitoring portfolio performance, and providing tailored investment advice. I have become aware of various tools such as Excel, Python libraries, and web-based platforms, but I would like to gain more insight into their features and advantages. Could you kindly provide me with additional information or direct me to resources that can help me explore these options further? I eagerly await your response. Thanks for your time and support.","Hello [Name], thank you for contacting our customer support regarding investment portfolio optimization tools. We value your interest in using data analytics to support your investment decisions. To start, we suggest exploring web-based platforms that offer market trend analysis, portfolio performance tracking, and personalized investment advice. Some well-regarded options include online portfolio management tools and robo-advisors. If you wish, we can furnish you with more details about these tools and their features. Additionally, we can guide you on how to utilize Excel and Python libraries for portfolio optimization. If you prefer a more detailed discussion, please let us know a suitable time to call you at [Phone Number]. We look forward to helping you find the right tools to improve your investment returns. Please feel free to ask for further assistance with your [Account Number].",Request,medium
DOC-003-CASE-1,DOC-003,General Inquiry,General Inquiry,"Regarding a Critical Medical Data Breach. A significant data breach happened yesterday owing to inadequate encryption and obsolete software. We have initiated some steps like restarting the systems, reviewing the firewalls, and engaging with IT support, but the problem continues to persist. We urgently need your assistance to address this situation.","Dear <name>, I am responding to your email about a critical data breach at your medical organization. Given the urgency and the importance of this situation, I am committed to helping you resolve it promptly. To do so, I need additional details such as the type of data breached and the specific software that was affected. Additionally, I propose scheduling a call with our senior IT specialist to discuss the matter further; please let me know a convenient time for you.",Incident,high
DOC-003-CASE-2,DOC-003,General Inquiry,General Inquiry,"Enhancements to Investment Portfolio Analysis Tool. Dear Customer Support, I am contacting you to propose improvements to the investment portfolio analysis tool. Currently, the tool offers a useful summary of my portfolio, but I need additional advanced analytical functionalities. I am particularly interested in detailed metrics such as risk assessment and performance monitoring. These enhancements would enable me to make more educated investment choices and improve my portfolio's optimization. We should consider incorporating these features in the tool. Furthermore, I would like to request more regular data updates to stay abreast of market trends. Thank you for your attention to this matter. I eagerly await your response. Warm regards, [Your Name]","Dear [Your Name], thank you for your feedback regarding the investment portfolio analysis tool. We value your suggestions for enhancements, including advanced analytics features such as risk assessment and performance tracking, as well as more frequent data updates. Our team will evaluate your requests and consider them for future development plans. To better understand your specific needs, we would like to discuss this further. Would you be available for a call at a convenient time? Please provide a suitable time and we'll reach out to you at [tel_num]. We appreciate your patience and look forward to speaking with you about your account [acc_num] and the investment portfolio analysis tool. Best regards, [Support Team Name]",Change,low
DOC-003-CASE-3,DOC-003,General Inquiry,General Inquiry,"Incorrect Investment Projections Noted. Hello Customer Support, I am contacting you to address an error in my investment projections. The analytics tool appears to be malfunctioning, leading to inaccurate predictions. This could be caused by a mismatch between the hardware and software. I have attempted to resolve the issue by rebooting my device, updating my device drivers, and verifying that there are no software conflicts, but the problem continues. I would be grateful if you could examine this situation and provide a solution promptly. If you require any more details from me to address the issue, please inform me. Thank you for your support.","We will look into the inaccuracies in your investment projections. Kindly provide your account number and a suitable time for a callback to further discuss the issue, so we can address it as soon as possible.",Problem,high
DOC-003-CASE-4,DOC-003,General Inquiry,General Inquiry,Problem Identified in Investment Optimization Model. The investment optimization model is producing less-than-ideal recommendations due to the use of outdated data inputs. Updating the datasets should address this issue.,We apologize for the issue with the investment optimization model. Please provide details on the outdated data inputs so we can investigate. We can schedule a convenient call to discuss possible solutions for resolving the issue with your model. Your account number is <acc_num>.,Problem,low
DOC-003-CASE-5,DOC-003,General Inquiry,General Inquiry,"Incident of Unauthorized Access to Medical Data. There was an unauthorized access attempt involving medical data. This might have happened because of a potential vulnerability in the infrastructure. Currently, access controls have been reinforced and security protocols have been updated to prevent such incidents.",We acknowledge the incident report and would like to discuss and determine the appropriate course of action to ensure the security of medical data.,Incident,high
DOC-003-CASE-6,DOC-003,General Inquiry,General Inquiry,"Enhance Data Analytics Software for Investment. Seeking assistance in optimizing data analytics software to enhance investment strategies across our product line. This will aid in making more informed decisions and improving efficiency. We would appreciate guidance on how to effectively use the tools and software, and are open to additional support resources that may be available.",We will provide guidance on optimizing the data analytics tools to improve investment strategies. We recommend specific tools and software for this purpose and will offer additional support resources. Please allow us to call at your convenience to discuss the details of your account number <acc_num>.,Change,medium
DOC-003-CASE-7,DOC-003,General Inquiry,General Inquiry,"Inquiry About Data Analytics Tool Malfunction. Dear Customer Support, I am writing to report an issue with our data analytics tools. The tools have malfunctioned, and we suspect a possible software incompatibility. We have attempted to restart the systems and check for updates, but the issue still persists. This incident occurred recently, and we are concerned about its ongoing impact on our operations. We would be grateful if you could examine this situation and provide a resolution at the earliest. Please inform us if there is any additional information you require from us to address this issue. We are available to provide more details or answer any questions you might have. Thank you for your prompt attention to this matter. We look forward to hearing from you soon. Sincerely, [Your Name]","Dear [Your Name], I acknowledge receipt of your email concerning the troubles with your data analytics tools. I will look into the software incompatibility issue and work on a solution. To better assist you, could you please provide the version numbers of the software and tools you are currently using? If necessary, I can arrange a call to discuss further at [Tel Number] or at a time that suits you. Please let me know a convenient time to call. I will keep you updated on the progress and appreciate your prompt attention to this matter. Sincerely, [Support Name]",Incident,low
DOC-003-CASE-8,DOC-003,General Inquiry,General Inquiry,Support for Webcam. I would like to inquire about the possibility of incorporating webcam and hardware device compatibility into the project management software as a service (SaaS) platform to boost collaboration functionalities and user satisfaction.,We will evaluate the feasibility of adding webcam and hardware device compatibility to our SaaS platform to enhance collaboration capabilities.,Change,low
DOC-003-CASE-9,DOC-003,General Inquiry,General Inquiry,"Boosting Marketing Strategies Urgently Required. The digital marketing strategies of the agency are underperforming, which is impacting the brand's growth. I suspect that there is a lack of adequate analysis of the target audience and campaign optimization. Recent campaigns have shown some improvement in engagement metrics, but I need assistance to rectify the issue.",I will assist in improving the marketing strategies. Please provide details on the recent campaigns and the target audience. I am happy to help optimize for better engagement metrics. Please call <tel_num> for further discussion.,Incident,low
DOC-003-CASE-10,DOC-003,General Inquiry,General Inquiry,"Customer Service Inquiry. A financial company is encountering unanticipated data inconsistencies in their investment analytics reports, which are likely due to incompatible software integrations or incorrect data imports.",Please investigate the issue and contact us at <tel_num> for a detailed discussion to resolve the matter.,Problem,high
DOC-003-CASE-11,DOC-003,General Inquiry,General Inquiry,Boosting Digital Brand Expansion. Seeking to understand digital strategies for enhancing brand growth. Could you provide details on the methods used to increase brand awareness and customer engagement? Interested in learning about the company's approaches to digital marketing tactics that are effective in driving growth.,Please call soon.,Request,low
DOC-003-CASE-12,DOC-003,General Inquiry,General Inquiry,Poor Performance of Digital Campaigns. Insufficient data analysis tools are currently employed,I will examine your digital campaigns and data analysis tools to pinpoint areas needing improvement. Kindly supply additional details regarding your current tools and campaigns; I will evaluate and suggest appropriate alternatives to boost performance.,Problem,low
DOC-003-CASE-13,DOC-003,General Inquiry,General Inquiry,"Query Concerning Campaign Metrics Update. I hope this message finds you well. I am currently encountering an issue where campaign metrics are not updating accurately. After verifying the data sources and refreshing the dashboard, the problem remains unresolved. I believe there might be a technical issue or an integration problem. I would greatly appreciate your prompt assistance in addressing this. Kindly inform me of any further actions required or if additional details are necessary to investigate. Thank you for your support in resolving this matter.","Thank you for your prompt communication about the issue with campaign metrics not updating accurately. We apologize for any inconvenience this has caused and are ready to help resolve it. For a thorough investigation, could you provide more specifics on the metrics that are not updating as expected and the last time they were accurate? If necessary, we can schedule a call at <tel_num> or continue this discussion via email. Please provide a convenient time for a call or let me know if you prefer to proceed through email.",Incident,medium
DOC-003-CASE-14,DOC-003,General Inquiry,General Inquiry,Problem with Investment Report Generation. The investment optimization model is unable to produce reports because of an incompatible update in the data analytics software. Restarting the system and updating the necessary components has not corrected the problem.,"I acknowledge the issue where your investment optimization model is not generating reports due to an incompatible update in the data analytics software. I am willing to look into this further. Please provide more details regarding the software update and the dependencies you have updated. If you prefer, I can call you at your convenient time to discuss this issue at length. Please provide me a suitable time to contact you at <tel_num> to address the issues related to your account <acc_num> promptly.",Incident,low
DOC-004-CASE-1,DOC-004,Human Resources,Human Resources,Hospital Systems Security Breach Detected. security issue identified in hospital systems,we are taking the reported security issue with hospital systems very seriously and need additional information to assist you. Please provide details about the breach and let us know your earliest convenience to discuss further. Kindly inform us of a suitable time to contact you.,Incident,high
DOC-004-CASE-2,DOC-004,Human Resources,Human Resources,Conflict in Scheduling Team Meeting Today. Scheduling conflict arising from inadequate management,Acknowledged the email about the scheduling conflict for the team meeting. Kindly share the details of the conflict so we can assist in resolving it as soon as possible.,Incident,low
DOC-004-CASE-3,DOC-004,Human Resources,Human Resources,"Issue with Access to SaaS Functionality Reported. There has been a sudden failure in accessing critical SaaS functionalities, which might be due to a server overload configuration issue. An attempt was made to restart the affected applications.","{name}, we acknowledge the receipt of your email regarding the reported issue with accessing SaaS functionalities and apologize for any inconvenience caused. We understand that your team attempted to restart the affected applications, and we would like to assist in resolving the issue. To better understand the problem, could you please provide any error messages received and specify which functionalities are inaccessible? Additionally, please confirm the last time the applications were functioning correctly and if there have been any recent changes to the configuration. We appreciate your cooperation.",Incident,medium
DOC-004-CASE-4,DOC-004,Human Resources,Human Resources,"Options for HR Training. Hello customer support, I am writing to seek information on training opportunities for new HR staff. Could you kindly share details about the types of training programs you provide, their length, and any necessary prerequisites? Additionally, I would be grateful if you could include information regarding the costs and any potential discounts. I appreciate your time and assistance, and I look forward to your prompt response. Thank you.","Hello <name>, we provide multiple HR training programs with varying durations and prerequisites. I will send you a detailed breakdown of the costs and available discounts. Could you please call me at <tel_num> so we can discuss further and identify the most suitable option for your needs?",Request,low
DOC-004-CASE-5,DOC-004,Human Resources,Human Resources,"Problem with Database Report Generation. I am contacting you to report an issue with the report generation process from our database. The reports are not generating as expected, and I suspect it might be due to a problem with the database query configuration. I have already restarted the database service and reviewed the query logs, but the issue still exists. I would greatly appreciate your assistance in resolving this issue promptly. Please inform me if you require any further details from me.",I will look into the database problem and will reach out to you at <tel_num> if more details are needed.,Incident,low
DOC-004-CASE-6,DOC-004,Human Resources,Human Resources,HR System Crash During Employee Data Sync Process. The HR system encountered a freeze while syncing employee data. It might be due to compatibility problems. I restarted the server and reviewed Firebase logs.,"Regarding the HR system crash during the employee data sync, which might be due to compatibility issues, I will examine the Firebase logs and contact you for further assistance if necessary.",Incident,medium
DOC-004-CASE-7,DOC-004,Human Resources,Human Resources,"Request for Updating Employee Training Program. I am inquiring to update the current employee training program to incorporate data analytics for investment optimization. This will help our staff to make well-informed decisions and contribute to the company's growth. The curriculum should include subjects like data visualization, statistical analysis, and machine learning. Including real-life examples and case studies would help demonstrate the practical uses of data analytics in investment optimization. Moreover, we should offer our employees the chance to practice and apply their new competencies. I consider this update essential for the company's future and hope you will take my request into consideration.","Dear <name>, we value your suggestion to update the employee training program to include data analytics for investment optimization. We recognize the significance of preparing employees to make informed decisions and foster business growth. We will examine your proposal and consider integrating topics such as data visualization, statistical analysis, and machine learning into the program. We might need to discuss this further with you; will you be available for a call at <tel_num> to delve deeper into this request? We will be in touch shortly regarding the next steps for your account <acc_num>.",Change,medium
DOC-004-CASE-8,DOC-004,Human Resources,Human Resources,Issue with Software Crash in Investment Optimization. The software experienced a crash during the investment optimization process.,"Dear [name], we apologize that you encountered issues with the software during the investment optimization process. Could you please provide more details to assist us in troubleshooting and resolving the problem? You can contact us at [tel_num] for further assistance.",Incident,low
DOC-004-CASE-9,DOC-004,Human Resources,Human Resources,"Update on Employee Onboarding Process. Dear Customer Support, we are writing to request an update on the employee onboarding process. Specifically, we would like to include automated training modules for new hires in the project management software. This will help ensure that new employees are properly trained and equipped to use the software effectively. The automated modules will cover key features and practices that new hires will need on their first day. This improvement will enhance the overall onboarding experience and reduce the need for manual training.","We appreciate your email regarding the update to the employee onboarding process, including the inclusion of automated training modules for new hires in the project management software. We understand the benefits of this update in ensuring that new employees are properly trained and equipped to use the software effectively. We would like to proceed with your request and discuss the details to determine the best approach for implementation. Please let us know a suitable time for a call to discuss this matter.",Change,low
DOC-004-CASE-10,DOC-004,Human Resources,Human Resources,"Issue Concerning Data Breach. A data breach has occurred, revealing sensitive patient information and impacting hospital systems. This may be due to outdated security protocols and employee negligence. Immediate password changes have been enforced, and notifications have been sent to affected parties. An investigation is required to determine the cause and prevent future incidents. The breach has significant implications for patient privacy and hospital operations. Assistance is requested in conducting a thorough investigation and providing recommendations for enhanced security measures.","In response to the data breach issue at the hospital, we acknowledge the severity of the situation and its implications for patient privacy and hospital operations. We would like to schedule a call to discuss the details of the incident and the investigation that will be conducted. Please let us know a suitable time for the call, as we are happy to assist in determining the cause and providing recommendations for enhanced security measures.",Problem,low
DOC-004-CASE-11,DOC-004,Human Resources,Human Resources,Problem with the Investment Tool. The data analytics dashboard I use has stopped functioning. It could be due to a lack of system resources. Restarting my MacBook Air and ensuring it is up to date did not resolve the issue.,I will look into the problem with your data analytics dashboard. Please give me your login details and the error message you are encountering so I can assist further.,Incident,low
DOC-004-CASE-12,DOC-004,Human Resources,Human Resources,Inquiring About Zoho CRM Integration Capabilities. I am keen on integrating the Zoho CRM SaaS solution into our system. Could you provide details on the integration capabilities? I would like to know the process and the potential benefits.,"We offer integration through the Zoho CRM API, which enables seamless data synchronization and workflow automation. The integration process is straightforward, and our support team is available to assist. The benefits include enhanced customer insights, streamlined sales processes, and improved productivity. I would be happy to discuss and provide more details; I am available to call for a more in-depth exploration of the options.",Request,low
DOC-004-CASE-13,DOC-004,Human Resources,Human Resources,"Submission of Incident Report. Dear Customer Support,\n\nA potential unauthorized access incident involving medical data has been reported. This may have occurred due to inadequate security protocols in our networked systems. Initial steps to secure the data included updating firewall settings and reviewing user access logs. The incident is currently under investigation to determine the extent of any potential breach. We are working to understand the severity of the situation and taking necessary steps to prevent future incidents.\n\nPlease acknowledge receipt of this incident report and appreciate the steps taken so far. Could you please provide more details about the incident, including the date and time it occurred, the systems affected, and any ongoing investigation for further assistance?\n\nThank you.","We acknowledge receipt of your incident report and appreciate the steps taken so far to address the situation. Could you please provide more details about the incident, including the date and time it occurred, the systems affected, and any ongoing investigation for further assistance?",Incident,medium
DOC-004-CASE-14,DOC-004,Human Resources,Human Resources,"Concern Regarding QuickBooks Software Accuracy. Recently encountered issues with the accuracy of QuickBooks, impacting financial reporting.","Dear [Name], we acknowledge the issue you are experiencing with the accuracy of the QuickBooks software affecting your financial reporting. To better assist you, could you please provide details on the errors you are encountering? We would be happy to schedule a call at your convenience to discuss and explore possible solutions. Please let us know a suitable time for the call at [Tel Num].",Incident,low
DOC-005-CASE-1,DOC-005,IT Support,IT Support,"New Data Visualization Dashboard Request. Dear Customer Support, I am reaching out to request the creation of a new data visualization dashboard for investment trends analysis and portfolio optimization. Our current dashboard is outdated and insufficient in providing the necessary insights. A new dashboard would aid in making informed investment decisions and improving portfolio optimization. The dashboard should feature interactive charts, real-time data updates, and customizable layouts. It should also be user-friendly and accessible on multiple devices. I believe this new dashboard would greatly enhance the experience for our users. Could you please provide a timeline for the implementation and any further details about the process? Thank you for your time and consideration. I look forward to your response.",We have noted your request for a new data visualization dashboard and will review the requirements. We will contact you at <tel_num> to discuss the project timeline and process further.,Change,medium
DOC-005-CASE-2,DOC-005,IT Support,IT Support,Optimizing Marketing with Ableton Live. I am seeking advice on using Ableton Live for digital marketing strategies. Could you provide insights on how to effectively utilize the tool? Specific features and workflows that could enhance online presence and engagement would be particularly helpful. I would appreciate any guidance or resources you can offer on this topic. Thank you for your assistance.,"I would be happy to help explore how Ableton Live can be used for marketing purposes. To better understand your needs, could you provide some information on your current marketing goals and how Ableton Live might help achieve them? I can offer guidance on relevant features and workflows, and suggest resources for further learning. I would be available to discuss this further over a call at <tel_num>.",Request,high
DOC-005-CASE-3,DOC-005,IT Support,IT Support,"Website Crash Report. Esteemed Support Team, I am reaching out to document an urgent issue experienced with our online platform. It abruptly stopped functioning during the night. I believe the problem might stem from outdated software components or excessive server load. Having already attempted to rectify the situation by rebooting the server and updating the plugins, the issue remains unresolved. Could you please examine this promptly and offer a resolution? Kindly inquire if there are any specifics you require from my end to address this situation. I stand ready to offer any additional information or cooperation necessary. Thank you for your prompt attention to this matter. I am eagerly awaiting your response at your earliest convenience.","Honored <name>, thank you for bringing to our attention the technical difficulty with the website. We are grateful for the proactive measures you have undertaken. For a comprehensive investigation, we would need you to share the exact versions of the server and plugins in use. Also, if available, kindly provide the specific error message encountered. Furthermore, we will require your <acc_num> to proceed with our analysis. Should a call be necessary for further discussion, we are flexible and can accommodate a call at a time convenient for you. We will revert to you as swiftly as possible.",Problem,high
DOC-005-CASE-4,DOC-005,IT Support,IT Support,Details on Securing Medical Data in Hospital Systems. Could you provide information on securing medical data to enhance hospital systems? Thank you.,"Dear [Name],\n\nWe appreciate your inquiry about securing medical data to improve hospital systems. To provide the most suitable information, could you please share more details about your current hospital setup and specific areas of concern regarding security? This will help us offer tailored guidance. Additionally, we can discuss potential solutions such as data encryption, access controls, and regular system updates. If you would like to discuss this further, we would be available for a call at your convenience.\n\nBest regards,\n[Your Name]",Request,medium
DOC-005-CASE-5,DOC-005,IT Support,IT Support,"Needed Assistance with Project Management Integration. Hello customer support, I am contacting you to seek information on how to integrate Adobe Sign and ActiveCampaign with Pinnacle Studio to optimize our project management workflows. This integration would significantly enhance the productivity and efficiency of my team. Could you kindly share more details on the setup process? I would greatly appreciate any available tutorials or documentation that can guide me through. Thank you for your time and help. I await your response.",I will review your request and provide you with the necessary resources and guidance on integrating Adobe Sign and ActiveCampaign with Pinnacle Studio.,Change,medium
DOC-005-CASE-6,DOC-005,IT Support,IT Support,"Problem with Real-time Data Visualization. The digital marketing analytics tool, which is supposed to display live data post the recent system update, is not functioning as expected. I have tried refreshing the page and clearing the cache, but the issue still persists.",Please investigate the issue with the digital marketing analytics tool. Kindly provide your account details so that we can schedule a suitable time for a call to discuss this further. Thank you.,Problem,medium
DOC-005-CASE-7,DOC-005,IT Support,IT Support,"Needs Attention for Inaccurate Investment Projections. Respected Customer Care, I am contacting you to report an error with the investment forecasting service. The forecasts have been imprecise, which I believe could be due to obsolete models or data problems. After attempting to reboot the servers and examining the data sources, the issue still remains unresolved. I kindly ask you to investigate this problem and offer a prompt solution. These inaccurate predictions are affecting my ability to make educated investment choices. Although the data sources seem current, I am unsure if the models are incorporating the most recent data. Could you please inform me about the current status of this issue and when it is anticipated to be fixed? If you require any further details from me to address this matter, please let me know. I am looking forward to your response. Thank you for your support in resolving this. I am confident that with your assistance, we can restore the investment forecasting feature to its accurate state.","Esteemed <name>, I thank you for notifying us about the inaccurate investment forecasts. We will look into this matter and verify if our models are utilizing the most recent data. Could you please specify the exact dates and details of the forecasts that were incorrect? I may need to reach out to you for more information; would you be available for a call at your convenience, or can I schedule a call at <tel_num> if that works for you? I will update you on the status of this issue and the estimated timeline for resolution as soon as possible.",Problem,medium
DOC-005-CASE-8,DOC-005,IT Support,IT Support,Customer Support Query. I am contacting you to seek guidance on integrating Dokumentenscanner with GitLab for document analysis. Could you offer me some resources or instructions on how to accomplish this task? I would be grateful for any details you can share.,"We can assist with the integration of Dokumentenscanner with GitLab. Please refer to our API documentation for information on available endpoints and implementation guides, or reach out to our support team for additional help.",Request,high
DOC-005-CASE-9,DOC-005,IT Support,IT Support,"Problem Detected with Data Analytics Dashboard Operation. Hello Customer Support, I am contacting you to report an unexpected issue with our data analytics dashboard. It has frozen, and we are uncertain of the reason behind it. We suspect the problem could be related to low disk space or software incompatibility. We have already attempted to restart the PostgreSQL server and examined the disk usage, but the issue still exists. This dashboard is crucial for our business operations, and it needs to be operational immediately. We would be grateful if you could investigate the issue and offer a resolution or advice on how to fix it. Thank you for your help and support in addressing this matter.","Hello <name>, we appreciate you reaching out to us regarding the unexpected freezing of your data analytics dashboard. We understand the urgency and will look into this issue promptly. Could you please provide us with additional details about your system, such as the operating system version and the PostgreSQL server version, as well as any error messages you have received? Additionally, it would be helpful to know when the dashboard last worked correctly and if there have been any recent changes to your system. If necessary, we can arrange a call at a convenient time for you. Please let us know a suitable time to contact you at <tel_num>. We value your patience and are committed to helping you resolve the issue with your <acc_num>.",Incident,high
DOC-005-CASE-10,DOC-005,IT Support,IT Support,"Reported Problem with Laptop Network. The laptop and network connectivity unexpectedly stopped working. It could be due to recent software updates or configuration adjustments. I have already restarted the devices, checked the cables, and validated the settings.","I have noted your email concerning the laptop network problem. For a more thorough investigation, could you provide information on any recent software updates or configuration changes? If necessary, I can arrange a call to discuss this further and assist you in resolving the issue.",Incident,high
DOC-005-CASE-11,DOC-005,IT Support,IT Support,"Optimal Elasticsearch Setup for Investment Forecasting. Hello Customer Support, I am writing to seek advice on configuring Elasticsearch 7.13 for the purpose of data analytics in investment forecasting. I am interested in learning the best practices for setting up Elasticsearch to efficiently manage substantial financial data and ensure accurate forecasting. Could you offer recommendations on the appropriate node configuration, shard distribution, and indexing methods for this scenario? Furthermore, are there any specific plugins or modules that you would suggest for investment forecasting? Your insights and any related resources would be greatly appreciated. I look forward to your response. Best regards.","Hello <name>, we are grateful for your inquiry regarding the optimal Elasticsearch configuration for investment forecasting. For best performance, we suggest a minimum of three nodes in a production cluster, with specific shard allocations based on your data volume and query patterns. For indexing strategies, a time-based approach is recommended. We recommend investigating the X-Pack plugin for additional functionalities such as alerting and monitoring. To provide more tailored guidance, could you share more details about your current setup and data needs? If necessary, we can arrange a call at <tel_num> for a more detailed discussion.",Request,high
DOC-005-CASE-12,DOC-005,IT Support,IT Support,Update Marketing Agency Website. The marketing agency's website should be updated with fresh digital strategy content and brand growth metrics to enhance its online visibility and attract more clients.,I will review the marketing agency's website and update it with the new digital strategy content and brand growth metrics as needed.,Change,high
DOC-005-CASE-13,DOC-005,IT Support,IT Support,"Guidance on Docker Integration with SaaS Project Management Tool. Hello, I am contacting you to seek advice on how to integrate Docker with your SaaS project management tool. My aim is to enhance the performance of my project, and I believe Docker could play a significant role in this. Could you kindly offer me some initial guidance on where to begin this integration? Additionally, I would greatly appreciate any available documentation or resources that could aid me. Specifically, I would like to know the detailed steps required to ensure a smooth integration. I am looking forward to your response and exploring how Docker can improve the performance of my project.","Hello [Name], thank you for reaching out to our support team for assistance with integrating Docker into your SaaS project management tool. To kick off the process, we suggest you review our documentation available on our website, which provides comprehensive instructions for Docker integration. The key steps include creating a Docker account, setting up a container, and adjusting the configuration to connect with our tool. Should you have any queries or require additional help, please do not hesitate to contact us. We are also available for a detailed discussion over a call at [Phone Number], if that would be more convenient for you. Please let us know a suitable time for our call.",Request,medium
DOC-005-CASE-14,DOC-005,IT Support,IT Support,"Investments Data Unavailable. There is a problem accessing your investments information because of a database glitch. We regret this inconvenience and assure you that our technical specialists are actively addressing the situation for your prompt resolution. Until then, we suggest monitoring our official website for updates on the status of the issue. Should you require urgent assistance or want to discuss your investments, please provide a suitable time for us to call you at <tel_num> or contact us at <email> with your <acc_num> and a comprehensive account of the encountered problem.","We are sorry for the trouble you are experiencing due to the database problem that has led to your investments data being inaccessible. Our technical team is currently working to fix the issue and will update you as soon as it is resolved. In the meantime, we advise you to check our website for any updates regarding the status of the issue. If you need immediate help or wish to discuss your investments, please let us know a convenient time for us to call you at <tel_num>, and we will be glad to assist you. Alternatively, you can contact us at <email> using your <acc_num> and a detailed description of the problem you are facing.",Incident,medium
DOC-006-CASE-1,DOC-006,Product Support,Product Support,"Concerns Over Data Analytics Precision. Facing difficulties with the accuracy of data analytics, which is impacting the optimization of investments due to recent software updates and data integration issues.","Noted your concerns about the accuracy of data analytics affecting investment optimization, linked to recent software updates and data integration errors. We would like to gather more information to assist you further. Could you please provide specific examples of inaccuracies and the expected outcomes that were not met? After reviewing the information, we will schedule a call to discuss potential solutions and next steps at a time that is convenient for you. You can reach us at <tel_num> for a discussion.",Incident,medium
DOC-006-CASE-2,DOC-006,Product Support,Product Support,"Urgent Support Needed for Data Breach in Healthcare Systems. Dear Customer Support, <br>A data breach has been detected in our healthcare systems, which may have exposed sensitive medical data. It is suspected that this occurred due to outdated security protocols and software vulnerabilities. We need an updated antivirus solution to conduct a preliminary network scan and require urgent assistance to ensure our security systems protect patient data. Please provide immediate guidance on the steps to take and recommendations for enhancing security measures to prevent such incidents in the future.","Acknowledging your urgent request regarding the data breach in the healthcare systems. To assist further, could you please provide details about the breach, the date it was detected, and any error messages received? We need to schedule a call at <tel_num> to discuss the next steps and recommendations for enhancing security measures to prevent future incidents. We are available at your convenience.",Incident,high
DOC-006-CASE-3,DOC-006,Product Support,Product Support,"Problem with Audio Input. I am encountering an audio input issue with my Rode NT-USB Mini microphone using OBS Studio version 27 on Ubuntu. I have restarted the devices, checked the connections, and adjusted the audio settings.","I would be happy to assist with your audio issue. Please provide details about your setup, settings, and any troubleshooting steps you have already taken.",Incident,medium
DOC-006-CASE-4,DOC-006,Product Support,Product Support,"Security Strategies for Discord in Healthcare. Respected Customer Support, I am contacting you to seek information on the security strategies for utilizing Discord in healthcare environments. Given my role as a healthcare provider, I am concerned about the potential security risks associated with using a communication tool that might not adhere to healthcare-specific security standards. Could you offer some advice on how to secure the use of Discord in our healthcare context? I would be grateful for any recommendations or best practices you could provide. Thank you for your time and support.","Dear <name>, we value your concern regarding the use of Discord in a healthcare setting. To ensure secure usage, we recommend implementing extra security measures such as encryption and access controls. We suggest utilizing Discord's built-in features like two-factor authentication and server verification. For more specific guidance and best practices, please provide additional details about your healthcare setting and intended use of Discord. If you wish to discuss further, I can arrange a call at your convenience at <tel_num> to go over these details.",Request,medium
DOC-006-CASE-5,DOC-006,Product Support,Product Support,"Concerns with Digital Campaign Metrics Monitoring. Hello Customer Support, I am contacting you to address an ongoing issue with our digital campaign metrics. It seems the tracking may be failing due to a potential integration problem with Kaspersky security software. Despite attempts to restart Docker and verify the HyperX RAM settings, the issue remains unresolved. Kindly review and resolve this, and please request any further details you might need from me. I am eagerly awaiting your response. Many thanks for your attention and help.","Thank you for your message concerning the digital campaign metrics monitoring problem. For a thorough investigation, could you please furnish more information regarding the Kaspersky security software integration and the specific metrics that are not being tracked accurately? I am here to assist you in finding a solution, and if a call is necessary, please suggest a convenient time for further discussion.",Incident,medium
DOC-006-CASE-6,DOC-006,Product Support,Product Support,"Concern About Unsecured Medical Data Through Docker. I am contacting you to report an issue with the exposure of medical data due to an unsecured Docker container. The root cause appears to be an inadequately configured Ansible script. I have already tried restarting Docker and checking Microsoft Teams integrations, but the problem still exists. I require your assistance to address this situation.",Your message regarding the data security issue with the unsecured Docker container has been received. I will examine the Ansible script configuration and will contact you at <tel_num> to discuss the necessary steps to resolve the issue and safeguard your medical data.,Problem,medium
DOC-006-CASE-7,DOC-006,Product Support,Product Support,"Unexpected Disappearance of Project Timelines. Project timelines vanished without warning during the night. There might be an integration problem with SAP ERP. After rebooting my computer and verifying the connection to the VPN router, the issue still exists.","Hello <name>, we regret the unexpected issue with your project timelines disappearing overnight. To better understand the potential SAP ERP integration problem, could you share any error messages you are encountering? Additionally, I propose we arrange a call to discuss this matter. Is <time> convenient for you to talk on <tel_num>?",Problem,low
DOC-006-CASE-8,DOC-006,Product Support,Product Support,"Support Inquiry Regarding Data Sync Issue Between Zapier and Notion. Dear Support Team, I am contacting you to report a problem with the data synchronization between Zapier and Notion. The sync failed because of API limit restrictions from Zapier. Despite restarting Zapier and verifying the API keys, the issue remains unresolved. I kindly request your assistance in addressing this issue at your earliest convenience. Please inform me if you need any additional details from me to help resolve this. Thank you for your prompt attention to this matter. I am looking forward to your response. Best regards, [Your Name]",We will look into the Zapier API issue right away.,Incident,low
DOC-006-CASE-9,DOC-006,Product Support,Product Support,"Display Problem. currently facing display problems with the SaaS platform on my Acer Predator XB273K Monitor. The issue might be related to compatibility problems with the monitor's resolution settings. I have already tried restarting the monitor and its software, but the problem still persists. I would greatly appreciate any assistance in resolving this issue.",will look into the display problem with the SaaS platform on your Acer Predator XB273K Monitor and contact you soon to discuss possible solutions and further troubleshooting steps.,Incident,high
DOC-006-CASE-10,DOC-006,Product Support,Product Support,"Promotion Expansion. Hello customer support, I would like to get in touch regarding the digital tactics that enhance brand growth for marketing firms focused on innovative products. Could you assist me by sharing some knowledge or directing me to a relevant resource? Any support you can provide would be greatly appreciated. Thank you for your attention and help.",We will furnish you with detailed information about digital strategies for brand growth very soon.,Request,medium
DOC-006-CASE-11,DOC-006,Product Support,Product Support,"Support for SaaS Project Management Platform. Customer support, requesting enhancement and integration support for the affected products within the SaaS project management platform. The current integration capabilities are limited and are hindering our team's ability to manage projects efficiently. I would greatly appreciate an update on the potential timeline for enhanced integration support. This would significantly improve our overall experience with the platform. Thank you for your time and consideration.","<name>, thank you for your email regarding the integration support for the SaaS project management platform. We appreciate your feedback and are happy to discuss potential enhancements. We will review your request and provide an update on the feasibility and timeline for implementation. If needed, please contact <tel_num> to discuss further.",Change,medium
DOC-006-CASE-12,DOC-006,Product Support,Product Support,"Urgent Assistance Required for Data Breach. A data breach has happened, revealing patient data.","I am prepared to assist with the data breach situation. Please share more specifics about the breach, including the date and type of incident. I will lead you through the necessary steps to address and safeguard patient information. Would it be possible to discuss this further over a call at <tel_num>?",Incident,high
DOC-006-CASE-13,DOC-006,Product Support,Product Support,SAP ERP Integration Options Details. I would like to know about the integration options for SAP ERP in connection with your project management SaaS. Would you mind sharing more information on this matter?,I will share the information regarding SAP ERP integration options. Please let me know when it suits you to call you and discuss the details further.,Request,high
DOC-006-CASE-14,DOC-006,Product Support,Product Support,Security of Medical Information. Enhance system infrastructure,"Review and enhance the infrastructure to improve the security of medical information, ensuring compliance with regulations and protecting sensitive data. Contact us at <tel_num> to discuss the details and implementation plan.",Change,medium
DOC-007-CASE-1,DOC-007,Returns and Exchanges,Returns and Exchanges,"Problem with Ad Targeting and Campaign Performance. Hello Customer Support, I am contacting you to report an issue with my recent ad campaign. The campaign's success has been compromised due to inaccurate targeting. After thoroughly checking the settings, I suspect that the audience configuration might be the cause. Despite attempting to modify the demographics, the issue remains unresolved. I would be very grateful for your assistance in resolving this matter. Could you please help me pinpoint the root cause of the problem and offer guidance on properly setting up the audience targeting? I have reviewed the settings multiple times, but there might be something I overlooked. Your support in this regard would be highly appreciated. Thank you for your attention and assistance. I eagerly await your response.",I will examine your ad campaign and reach out to you at <tel_num> to discuss the issue and provide guidance on configuring the audience settings.,Incident,medium
DOC-007-CASE-2,DOC-007,Returns and Exchanges,Returns and Exchanges,"Security Protocol Improvements. Customer Support, requesting enhancements to security protocols for managing medical data in hospital systems across all affected products. Ensuring the confidentiality and integrity of sensitive patient information is crucial. I would greatly appreciate it if you could review and implement necessary measures to prevent potential data breaches. Your attention to this important matter is highly valued.",<name> appreciates your concern regarding security and medical data management in hospital systems. We take the confidentiality and integrity of sensitive patient information very seriously. We will review the current security protocols and implement necessary enhancements to prevent potential data breaches. We would like to discuss this matter and schedule a call at your convenience. Please let us know a suitable time to reach you at <tel_num>. We will keep you updated on the progress of these enhancements to security protocols.,Change,low
DOC-007-CASE-3,DOC-007,Returns and Exchanges,Returns and Exchanges,Enhancing Firm's Investment Portfolio Strategies. Could you recommend tools for optimizing investment portfolios?,"Dear [name], thank you for contacting us about optimizing investment portfolios for your firm. We provide various tools to assist in this process, such as our portfolio management software and investment analytics platform. These tools offer real-time data and insights to aid in making well-informed investment decisions. I am available to discuss these options further with you. Please let me know if you are interested in scheduling a call to explore how our tools can support your firm's investment objectives.",Request,low
DOC-007-CASE-4,DOC-007,Returns and Exchanges,Returns and Exchanges,Request for Update to Marketing Materials. I hope this message finds you well. I am reaching out to request an update to our current marketing materials. It is imperative that we include the details of our new product bundles and digital strategy offerings to effectively communicate our services and attract new clients. Please provide instructions on the necessary steps to initiate this update.,"Dear <name>, we have received your request to include the details of the new product bundles and digital strategy offerings in our marketing materials. To move forward with the update, we require additional information regarding the specific changes you desire. Could you please provide a detailed description of these new elements? We will then guide you through the subsequent steps and outline a timeline for the update. If convenient, may we schedule a call at <tel_num> to discuss this further?",Change,low
DOC-007-CASE-5,DOC-007,Returns and Exchanges,Returns and Exchanges,Problem with Latest Update. Facing integration difficulties with SaaS,Please provide the necessary details,Incident,high
DOC-007-CASE-6,DOC-007,Returns and Exchanges,Returns and Exchanges,"Concern Regarding Investment Calculations. A financial company is encountering inconsistencies in investment return calculations with H2O.ai SQL Server analytics. The issue might be due to data integration errors or outdated algorithms. To date, the team has reviewed data sources and updated the software, but the inaccuracies persist. Despite attempts to troubleshoot, the problem remains unresolved. We would greatly appreciate it if you could look into this matter and provide a solution as soon as possible. Please let us know if additional information is needed.","Service Desk under <name> is addressing the issue related to investment calculations using H2O.ai SQL Server analytics. We understand that the team has already reviewed data sources and updated the software, but inaccuracies still persist. To better understand the issue, we would like to request more details on the errors experienced and the troubleshooting steps taken so far. Please provide this information at your earliest convenience, as we can then discuss and determine the next steps to resolve the issue. You may also contact us at <tel_num> for a good time to discuss this further.",Problem,low
DOC-007-CASE-7,DOC-007,Returns and Exchanges,Returns and Exchanges,Enhancing Firm's Investment Portfolio Management. Which resources can optimize firm's investment portfolios?,"Dear <name>, we appreciate your query about optimizing investment portfolios for your firm. Our suite of tools, including portfolio management software and investment analytics platforms, can assist in this optimization process. These tools offer real-time data and insights to aid in making well-informed investment decisions. Should you wish to delve deeper into these solutions, please contact me to schedule a discussion on how our tools can support your firm's investment objectives.",Request,low
DOC-007-CASE-8,DOC-007,Returns and Exchanges,Returns and Exchanges,"Reported Incident Concerning Unusual Investment Pattern Deviations. Dear Customer Support, I am contacting you to report an issue identified at our financial firm. We recently noticed an anomaly in our investment patterns, which we suspect may be due to a glitch in our data analytics software. Although we have attempted to resolve it by restarting Firebase and reviewing Zoom meetings, the issue remains unresolved. Could you kindly investigate this matter and provide a timely solution? The deviations were identified recently, and we are concerned about the potential business impact. Please inform me if you require further information. Looking forward to your prompt response. Thank you.","Dear [Name], In response to your email about the issue with unusual investment pattern deviations at your financial firm, I appreciate your detailed description of the problem. Despite your efforts to restart Firebase and review Zoom meetings, the issue persists. To aid in our investigation, could you provide us with more specifics about the data analytics software you are using and the precise nature of the detected deviations? Specifically, when were they first noticed, and did you encounter any error messages? It would also be helpful for us to discuss this further, so please let me know a convenient time for a call.",Incident,high
DOC-007-CASE-9,DOC-007,Returns and Exchanges,Returns and Exchanges,"Support Inquiry for Product Compatibility. Request an update on the product's compatibility and integration features. Currently, the product is performing well with some software tools. I would appreciate it if you could look into updating the features to improve performance, which would greatly enhance the user experience. Please let me know your plans to address this issue. I look forward to hearing from you soon.","Dear [name], thank you for reaching out to us regarding the compatibility and integration issues with the product. We apologize for any inconvenience caused. We would like to investigate the matter and need specific information about the software tools you are experiencing issues with. Could you please provide more details? We are able to provide an update on our plans to address the issue and improve performance. We will be in touch soon to discuss this further.",Change,medium
DOC-007-CASE-10,DOC-007,Returns and Exchanges,Returns and Exchanges,Concerns About Recent Products. There have been return issues stemming from customer dissatisfaction with the Codecademy Nuendo products. Our campaigns aimed at enhancing engagement helped to address this problem.,Please review the issues with the Codecademy Nuendo products and contact us at <tel_num> to discuss the steps for resolution. Your account number is <acc_num>.,Problem,high
DOC-007-CASE-11,DOC-007,Returns and Exchanges,Returns and Exchanges,"Update Marketing Strategies. Customer support, requesting an update on marketing strategies. We need to leverage digital tools to enhance brand visibility and drive growth across our products. Assistance in reaching a wider audience and increasing sales is needed.",Received the request to update marketing strategies. Please review and contact us at <tel_num> to discuss the details and explore options for the implementation of digital tools.,Change,medium
DOC-007-CASE-12,DOC-007,Returns and Exchanges,Returns and Exchanges,"Assistance with Data Problem. The data analysis tools have encountered issues, affecting the investment optimization process.",I regret the disruption caused by the malfunction of the data analysis tools. Could you please share more details about the issue? I am here to assist you in resolving it and improving your investment optimization.,Incident,medium
DOC-007-CASE-13,DOC-007,Returns and Exchanges,Returns and Exchanges,Dashboard Load Times Are Sluggish. Customers are facing delays in loading content because of high server usage.,"Acknowledged, working to enhance server efficiency to speed up load times for your account <acc_num>.",Problem,medium
DOC-007-CASE-14,DOC-007,Returns and Exchanges,Returns and Exchanges,"Guidance on Securing Medical Data in PrestaShop Magento 2.4. Hello Customer Support, I am reaching out to seek guidance on securing medical data within my PrestaShop Magento 2.4 e-commerce platform. Security of medical data is of utmost importance to me, and I want to ensure that my platform is compliant with all relevant regulations. Could you provide me with information on best practices for securing medical data within these platforms? Specifically, I am interested in learning about encryption methods, access controls, and data backup procedures. I would also appreciate any recommendations for plugins or extensions that could enhance security.","Thank you for reaching out to us regarding the security of medical data within your PrestaShop Magento 2.4 platform. We take data security very seriously and are happy to provide guidance. To ensure compliance with relevant regulations, we recommend implementing encryption methods such as SSL/TLS, access controls like role-based permissions, and regular data backups. For enhanced security, consider using plugins that offer features like security patches and two-factor authentication. We suggest reviewing and configuring these options to further secure your platform.",Request,medium
DOC-008-CASE-1,DOC-008,Sales and Pre-Sales,Sales and Pre-Sales,"Inquiry Into Investment Optimization Services. Hello Customer Support, I have reached out to gather information on the data analytics tools you supply for investment optimization. Could you please furnish me with a list of the tools and platforms used to assess investment data and optimize portfolios? I am especially eager to learn more about your risk management and portfolio optimization services. Moreover, could you tell me if you provide any machine learning or AI-based solutions for investment optimization? Also, I would greatly appreciate any case studies or examples of how your data analytics tools have enabled clients to meet their investment objectives. Thank you for your time and support. I anticipate your prompt response. Kind regards, [Your Name]","Hello [Name], thanks for your message concerning our investment optimization services. We supply a variety of data analytics tools and platforms to analyze investment data and enhance portfolio optimization. Our services encompass risk management and portfolio optimization, as well as machine learning-based solutions. I would be glad to provide you with additional information and case studies. Would you be available for a call at your convenience to discuss these further? Please inform me of a suitable time to contact you at [tel_num].",Request,medium
DOC-008-CASE-2,DOC-008,Sales and Pre-Sales,Sales and Pre-Sales,Inquiry on Pricing. I would like to gather more information about your digital marketing services and software integration options. Could you please share the pricing details and any current packages or promotions available?,Please contact us for details.,Request,medium
DOC-008-CASE-3,DOC-008,Sales and Pre-Sales,Sales and Pre-Sales,Problems with Digital Campaign Measurement. The digital campaign measurements are not functioning accurately. The problem could be related to the integration with QuickBooks Online. I have already checked the API connections and the data synchronization.,Could you please offer more specifics regarding the measurement issues to assist further?,Incident,low
DOC-008-CASE-4,DOC-008,Sales and Pre-Sales,Sales and Pre-Sales,Enhancing Investment Approaches Through Data Utilization. Which tools are employed for investment purposes?,"Different financial analysis tools are utilized to enhance investment strategies using data, such as portfolio management software and market analytics platforms. If you require further details on these tools and their application to your investments, please feel free to ask.",Request,high
DOC-008-CASE-5,DOC-008,Sales and Pre-Sales,Sales and Pre-Sales,Boosting Brand Growth via ClickUp and AWS Integration. I am keen on understanding digital strategies that propel brand growth using ClickUp and AWS integration. Could you share some insights or resources on this topic? It would be greatly appreciated if you could offer information on how these tools can assist businesses in expanding their online footprint and enhancing customer interaction.,"Hello, thank you for contacting us. We would be glad to share insights on how ClickUp and AWS integration can contribute to brand growth. Our team can provide guidance on utilizing these tools to improve your online presence and strengthen customer engagement. For more personalized information, could you let us know about your current business objectives and challenges? We will get back to you to discuss and find suitable strategies tailored to your business needs.",Request,medium
DOC-008-CASE-6,DOC-008,Sales and Pre-Sales,Sales and Pre-Sales,"Salesforce Data Analytics Inquiry. Customer Support, I am reaching out to inquire about integrating data analytics with Salesforce CRM for investment optimization. Could you provide information on the topic? I would like to know how data analytics can help me make informed decisions and optimize my investments. I am interested in learning about the tools and features that Salesforce offers for data analytics, such as analyzing customer data and tracking sales performance to identify trends. I would appreciate your guidance in getting started with the integration process.",I would be happy to discuss integrating data analytics with Salesforce CRM. Please allow me to call at your convenience to discuss the tools and features that can help optimize your investments. I would be available to call at your preferred time to discuss this further.,Request,medium
DOC-008-CASE-7,DOC-008,Sales and Pre-Sales,Sales and Pre-Sales,"Challenge with Social Media Engagement. I am facing difficulties with low engagement in my social media campaigns. The issue is primarily due to inadequate targeting and content that is no longer relevant. Although I have made efforts to adjust my ad budget and update my content strategy, the problem remains unresolved. I would greatly appreciate any support you can provide to address this issue and enhance the engagement on my social media platforms.","Acknowledging your email about the social media engagement challenges you are experiencing, particularly with inadequate targeting and outdated content, I understand that you have made attempts to modify your ad spend and revamp your content strategy but the issue still persists. To better assist you, could you please share more details about your current targeting approach and the kind of content you are sharing. Also, it would be beneficial to know your expected engagement levels and the specific metrics you use to measure this. I propose scheduling a call to discuss these points further. Are you available for a call at your convenience? Please let me know a suitable time and I will ensure to contact you at <tel_num>.",Problem,low
DOC-008-CASE-8,DOC-008,Sales and Pre-Sales,Sales and Pre-Sales,Strategies for Expanding Digital Brand Influence and Innovating Products. Our company requires tailored digital strategies to enhance brand expansion and product innovation. Could you please provide guidance on the most effective methodologies?,"Dear <name>, thank you for contacting us to discuss digital strategies for expanding your brand's influence and innovating your products. We are eager to assist in achieving your goals. To better tailor our advice to your needs, could you share more information about your current marketing efforts and what you aim to accomplish with these digital strategies? Additionally, detailed insights into your products and target audience would be beneficial. Once we have a clearer picture of your objectives, we can recommend the most suitable strategies for your company. Should you prefer a more detailed discussion over the phone, please suggest a convenient time to call at <tel_num>. We look forward to your response and are excited about the potential collaboration.",Request,high
DOC-008-CASE-9,DOC-008,Sales and Pre-Sales,Sales and Pre-Sales,Support for Securing Medical Data with ESET NOD32 and Bitdefender. Request for detailed information on securing medical data in a hospital environment using ESET NOD32 Antivirus and Bitdefender. Seeking insights into security practices and features.,"Provide comprehensive information on securing medical data in a hospital environment with ESET NOD32 Antivirus and Bitdefender. These solutions offer robust security features such as encryption and intrusion detection. For specific details on security practices, we are available to discuss at your convenience to address the hospital's particular needs and requirements.",Request,low
DOC-008-CASE-10,DOC-008,Sales and Pre-Sales,Sales and Pre-Sales,"Enquiry on Project Management SaaS. Interested in learning about the features and pricing options of the project management SaaS. Could you provide details on the different plans and the features included in each? I would appreciate information on any discounts or promotions currently running. Additionally, I would like to know about the scalability of the platform to support business growth. Please let me know about any case studies or testimonials from existing customers.","Thank you for your interest in the project management SaaS features and pricing options. We offer three plans to accommodate different business needs, including a basic plan for small teams, a premium plan for growing businesses, and an enterprise plan for large organizations. Each plan includes a unique set of features such as task management, team collaboration, and reporting tools. We provide a detailed breakdown of the features included in each plan. We also offer discounts for annual subscriptions.",Request,medium
DOC-008-CASE-11,DOC-008,Sales and Pre-Sales,Sales and Pre-Sales,"Concerns with Medical Data Access. There has been an unexpected slowdown in accessing medical data, possibly due to network congestion or a software issue.","I am investigating the issue with accessing your medical data which might be caused by network congestion or a software problem. For a more thorough assistance, please share any error messages you are encountering. I will look into this and will reach out to you at <tel_num> if additional information is needed to resolve the issue promptly for your <acc_num>.",Incident,low
DOC-008-CASE-12,DOC-008,Sales and Pre-Sales,Sales and Pre-Sales,"Insights into Data Analytics. Customer Support, looking for guidance on data analytics solutions to help optimize our investments. Could you provide information on the types of solutions you offer and how they benefit businesses? I would appreciate it if you could include details on the features and pricing of your solutions. Additionally, I would like to know if you offer customized solutions tailored to specific industries and business needs. Thank you for your assistance. I look forward to hearing back from you soon. Please let me know if there's anything else I can provide to assist with this inquiry.","Thank you for your interest in our data analytics solutions. We would be happy to provide you with information that can help optimize your investments. Our data analytics solutions include a range of tools and services designed to help businesses make informed decisions and drive growth. We offer several solutions, each with varying features and pricing plans to suit different business needs and industries.<br><br>We also provide customized solutions tailored to specific industries and business needs.",Request,high
DOC-008-CASE-13,DOC-008,Sales and Pre-Sales,Sales and Pre-Sales,"Assistance with Integrating WooCommerce and OBS Studio. Seeking details on SaaS capabilities, particularly for integrating WooCommerce with OBS Studio. Would like to know about the platform's support services. Could provide information on the setup process, customization options, and available documentation or support resources.","Thank you for your interest in SaaS capabilities for integrating WooCommerce and OBS Studio. Our platform offers seamless integration services that enable efficient management and customization. The setup and customization processes are supported with step-by-step guides available on our documentation website. We also provide dedicated support resources, including a knowledge base and FAQs. For personalized assistance, our support team is available to guide you through the process. To better understand your specific needs, we can provide tailored information.",Request,medium
DOC-008-CASE-14,DOC-008,Sales and Pre-Sales,Sales and Pre-Sales,"Improving Malware Defense for Medical Data Storage. Hello customer support, I am reaching out to seek advice on improving malware protection for our hospital's IT network and medical data storage systems. It is crucial for us to safeguard our patients' data. Could you give us detailed information about the available security measures and their costs? We would also like any assistance in implementing these measures efficiently.","Thank you, <name>, for emphasizing the importance of protecting your hospital's IT network and medical data storage. We provide specialized malware protection solutions designed for healthcare organizations. These solutions encompass advanced threat identification, intrusion prevention, and data encryption. For more information on pricing and implementation, I am available to discuss these details with you. Please let me know a suitable time to contact you at <tel_num> to explore a tailored solution for your hospital's needs, referencing your account <acc_num>.",Change,low
DOC-009-CASE-1,DOC-009,Service Outages and Maintenance,Service Outages and Maintenance,"Problems with the Login Mechanism. Greetings from Customer Support, I am contacting you to report an unforeseen issue with the login function. This problem might have arisen from the latest updates. Despite my efforts to address it by restarting the servers and reviewing the logs, the issue remains unresolved. I would be grateful if you could investigate and offer a prompt solution. The problem is negatively impacting my work, and I need a swift resolution. Kindly inform me if you require any further details or assistance from me to resolve this matter. I am available to provide any necessary information or help. Thank you for your time and assistance. I await your response soon. The issue is hindering my productivity and should be addressed as quickly as possible.","Hello <name>, thank you for bringing to our attention the challenge you are facing with the login function. We regret the inconvenience it has caused you. Could you please share more details regarding the error message you are encountering and the steps you have already taken? This information will assist us in identifying and resolving the issue. If necessary, we can arrange a call at <tel_num> to discuss further. Please specify a convenient time for you. We will strive to address the issue promptly and appreciate your cooperation.",Incident,medium
DOC-009-CASE-2,DOC-009,Service Outages and Maintenance,Service Outages and Maintenance,"Protocols for Safeguarding Medical Data Transfer. I would like to know about the security measures that are in place for the transmission and storage of medical data. Could you please share the steps taken to ensure the confidentiality, integrity, and accessibility of sensitive medical information? Additionally, could you provide details on the encryption techniques used and whether these systems comply with pertinent regulations?","Our organization has implemented strong security protocols to safeguard medical data during transmission and storage, ensuring confidentiality, integrity, and accessibility. We use advanced encryption methods and our systems are compliant with relevant regulations. I am ready to share more detailed information. Could you please inform me of a convenient time for a call at <tel_num> to discuss further?",Request,high
DOC-009-CASE-3,DOC-009,Service Outages and Maintenance,Service Outages and Maintenance,"Assistance with Downtime Concerns. Encountered unexpected downtime across various products, such as Twitch Studio Beta and MATLAB. The outage may have been due to recent software updates or network issues. So far, restarting the affected applications and checking server connections have not resolved the problem. The support team is actively working to resolve the issue and prevent future occurrences. We appreciate your patience and understanding. Should you have any questions or concerns, please do not hesitate to reach out.",Received an email regarding downtime issues across multiple products. A service desk agent contacted you at <tel_num> to discuss the issue and provide a resolution.,Incident,medium
DOC-009-CASE-4,DOC-009,Service Outages and Maintenance,Service Outages and Maintenance,"Problem with Website Integrations Malfunction. Our website and social media integrations have ceased to function. There might be API connection problems. We have already restarted the servers and verified the configuration settings, yet the problem continues.","I have noted your concern about the website integration issues. I will look into the API connectivity and will get back to you shortly to discuss additional troubleshooting steps. Alternatively, I can arrange a call at a time convenient for you to address and resolve the issue.",Problem,high
DOC-009-CASE-5,DOC-009,Service Outages and Maintenance,Service Outages and Maintenance,"Crash of Data Analytics System. The data analytics system has encountered a crash, which has impacted investment optimization. This might be attributed to inadequate server resources or out-of-date software. Efforts to restart the servers and update JIRA have not resolved the problem.","I am investigating the issue with the data analytics system crash that is interfering with investment optimization. To gain a better understanding of the situation, could you provide more details on any error messages you received and the specific actions taken to restart the servers and update the software? I am available to discuss this further over a call at your earliest convenience. Please let me know a suitable time to reach you at <tel_num>.",Incident,high
DOC-009-CASE-6,DOC-009,Service Outages and Maintenance,Service Outages and Maintenance,"Issue with Unexpected Data Loss During Analytics Processing. I am currently facing unexpected data loss during the analytics processing phase, which could be caused by inadequate memory allocation. Despite restarting the servers and checking for available software updates, the problem remains unresolved. I would greatly appreciate any prompt assistance in addressing this issue. Kindly advise on the appropriate steps to take next.","I am here to support you in resolving the unexpected data loss during analytics processing. To better assist you, please provide detailed information about your current memory allocation settings and any specific error messages you are encountering. This information will help me determine the best next steps. If necessary, we can also arrange a call at a convenient time for further discussion and resolution. Please let me know a suitable time to contact you via the provided telephone number.",Incident,high
DOC-009-CASE-7,DOC-009,Service Outages and Maintenance,Service Outages and Maintenance,"Issue with Data Loss During Analytics Processing. I am facing unexpected data loss while performing analytics. It could be due to inadequate memory allocation. I have already restarted the servers and checked for software updates, but the problem continues. I would greatly appreciate prompt assistance to address this. Could you provide further guidance on how to proceed?","I am here to support you with the data loss issue during your analytics processing. To effectively help, could you please share more details about your current memory allocation settings and any specific error messages you are encountering? This information will aid in identifying the appropriate solution. If necessary, we can arrange a call at a convenient time for an in-depth discussion and resolution. Please let me know a suitable time to contact you at <tel_num>.",Incident,high
DOC-009-CASE-8,DOC-009,Service Outages and Maintenance,Service Outages and Maintenance,"Report on System Issues. Several integrations have encountered failures, which might be related to the potential expiration of API keys. Efforts were made to restart services and verify the credentials.","Dear <name>, we have noted your report concerning the failed integrations, which could be due to the expiration of API keys. We suggest verifying the status of the API keys and updating them if needed. Should the problem continue, please share the integration logs for a more detailed examination. Alternatively, we can arrange a call at <tel_num> to discuss this matter further at your convenience. Kindly indicate an appropriate time.",Incident,high
DOC-009-CASE-9,DOC-009,Service Outages and Maintenance,Service Outages and Maintenance,"Issue with Server Time. During the unexpected outage that impacted multiple products, disrupting financial data analytics, it is suspected that a server failure during maintenance might have caused the problem. Our team has been working to restore service by rebooting systems and checking connectivity, but the issue still persists. I would greatly appreciate it if you could look into this matter and provide a resolution as soon as possible. Please let me know if you need any additional information to facilitate the resolution process.","<name>, we are looking into the issue with the server time, which is affecting financial data analytics. To facilitate the resolution process, please provide details on the maintenance performed and when the outage occurred. You can contact me at <tel_num> to discuss any additional information needed.",Incident,medium
DOC-009-CASE-10,DOC-009,Service Outages and Maintenance,Service Outages and Maintenance,"Concern About Multiple Product Outage. Dear Support Team, I urgently request your attention to resolve the current service outage impacting multiple products, such as Python 3.9 and QuickBooks. This outage is causing significant disruptions to my work, and I would greatly appreciate if you could look into the matter soon. Please let me know any additional steps I need to take and the information required from me.","Dear [Name], Thank you for your email regarding the service outage affecting multiple products, including Python 3.9 and QuickBooks. We understand the urgency of the matter and apologize for the disruption it has caused your work. To assist further, could you please provide details of any error messages you are receiving and any relevant information about the outage? We are available to schedule a call at a convenient time for you. Please let us know a suitable time to reach you at [Tel Number].",Change,high
DOC-009-CASE-11,DOC-009,Service Outages and Maintenance,Service Outages and Maintenance,Request for Assistance with Service Interruption. Currently encountering issues with the medical data systems during a service outage,Looking into the problem,Incident,medium
DOC-009-CASE-12,DOC-009,Service Outages and Maintenance,Service Outages and Maintenance,"Report on Unforeseen Service Interruption. Hello Customer Support, I am submitting a report regarding an unexpected service interruption that has affected multiple products, including Kubernetes ClickUp. The exact cause of the outage has not yet been determined, and it could be due to an overload or a configuration error. Initial steps taken included system reboots and checking the logs, but the issues still persist. I would greatly appreciate it if you could look into this matter urgently and provide a resolution as soon as possible. Please keep me informed.","Dear [Name], thank you for reaching out to us regarding the unexpected service interruption affecting your products. We apologize for the inconvenience caused and are happy to assist in resolving the issue. We have noted that initial troubleshooting steps have been taken, but the issues still persist. To facilitate our investigation, could you please provide us with more details about the outage, including the time it occurred and any error messages you received? If necessary, we may need to schedule a call to discuss this further. We are available at your convenience, please let us know.",Incident,medium
DOC-009-CASE-13,DOC-009,Service Outages and Maintenance,Service Outages and Maintenance,"Technical Problem Affects Digital Campaign Deployment on Squarespace. A succinct explanation of the issue: Digital campaigns failed to deploy. This could be a result of a technical glitch with Squarespace integration. After restarting servers and verifying network connectivity, the problem still exists.",I will examine the issue related to Squarespace integration and reach out to you at <tel_num> for additional assistance to address the deployment problem of digital campaigns.,Incident,high
DOC-009-CASE-14,DOC-009,Service Outages and Maintenance,Service Outages and Maintenance,"Problem with Investment Models. The investment models have stopped working. The cause seems to be a software glitch in the data analytics tool. I have already attempted to restart Scikit-learn and verified the dependencies, but the issue remains unresolved. I would greatly appreciate any help you can provide to address this problem.","Dear <name>,\n\nI am writing to acknowledge your email regarding the issue with investment models that are not functioning due to a glitch in the data analytics tool. It appears that you have already tried restarting Scikit-learn and verified the dependencies, but the problem continues. I would like to assist you further in resolving this issue. Could you please share the error messages you are encountering and the specific versions of the tools you are using? This information will help me better understand the problem and provide a more effective solution. If necessary, I may need to schedule a call with you at <tel_num>; would you be available at your convenience to receive a call from me?",Incident,medium
DOC-010-CASE-1,DOC-010,Technical Support,Technical Support,"Technical Trouble. Several product integrations have stopped functioning unexpectedly. It might be due to an outdated API or software conflicts. After restarting systems, verifying configurations, and updating drivers, the problem still remains. I require support to address this issue.",I will examine your concern and reach out to you at <tel_num> to explore additional troubleshooting methods and solutions.,Incident,high
DOC-010-CASE-2,DOC-010,Technical Support,Technical Support,"Available Options for QuickBooks Integration. Dear Customer Support, I am seeking information regarding the integration options available for QuickBooks Online with our project management SaaS. I am interested in understanding how these systems can collaborate to enhance my business processes. Specifically, I would like to learn about the various types of integrations, such as invoicing, expense tracking, and project budgeting. I also need details on any setup or configuration prerequisites, along with any associated costs. Furthermore, I would like to know if there are any constraints on the data that can be exchanged between the two systems. I look forward to receiving more details. Thank you for your assistance. I am eager to explore this integration further and see how it can benefit my business.","Dear <name>, thank you for your inquiry. We provide multiple QuickBooks Online integration options, including invoicing and expense tracking. I can provide more detailed information and discuss setup and costs with you. Could you please share your <acc_num> so I can review your account details and offer specific information on integration possibilities and any applicable limitations?",Request,low
DOC-010-CASE-3,DOC-010,Technical Support,Technical Support,Provide Details on Integrating Microsoft Teams Project Management SaaS. May I have information on integrating Microsoft Teams project management SaaS? I am interested in learning about the available features to enhance our team's productivity.,I would be delighted to provide information on integrating Microsoft Teams project management SaaS. Please reply with your contact details so we can arrange a callback to discuss the available features.,Request,low
DOC-010-CASE-4,DOC-010,Technical Support,Technical Support,"Assistance Required for Figma Integration. Dear Customer Support, we are looking for guidance on integrating Figma with Adobe Creative Cloud to enhance design collaboration within our team. We are particularly interested in learning about the benefits of this integration and how it can improve our workflow. Could you provide us with step-by-step instructions or recommend any resources that could help us get started? Your assistance in this matter would be greatly appreciated. We look forward to your prompt response. Thank you for your time and support.",You can contact us at <tel_num> for assistance.,Request,medium
DOC-010-CASE-5,DOC-010,Technical Support,Technical Support,"Secure Data Backup System Malfunction. Overnight, the secure data backup system experienced a failure which might be due to a software anomaly or hardware malfunction. After restarting the system and reviewing the logs and settings, the issue still exists. Would you please investigate this and provide a solution at the earliest convenience?","Dear <name>, I have noted your concerns regarding the secure data backup system's malfunction. I am available to assist you. Could you please share the error messages from the logs and the settings you have already verified? This will help in pinpointing the issue. If necessary, I can arrange a call to further diagnose and resolve the problem promptly. Please suggest a suitable time for the call at <tel_num>, or we can continue with email communication. I will keep you informed about the progress and appreciate your cooperation.",Incident,high
DOC-010-CASE-6,DOC-010,Technical Support,Technical Support,Concern Regarding Malfunction in Virtual Meeting Software. The virtual meeting software experienced technical difficulties during the session,We sincerely apologize for the problems you encountered with our virtual meeting software. Could you share more specific details about the malfunction so we can assist you better?,Incident,high
DOC-010-CASE-7,DOC-010,Technical Support,Technical Support,Security Protocols for Medical Data Storage on Windows 10 Pro. I am seeking information on the best security protocols for storing medical data on a Microsoft Windows 10 Pro system. Can you provide details on the optimal practices for securing sensitive medical information? Your insights on this topic would be greatly appreciated.,"To secure medical data on Windows 10 Pro, we advise implementing full disk encryption, using strong passwords, and keeping the system up-to-date. Enable BitLocker for encryption and apply robust passwords to all user accounts. Regularly update Windows 10 Pro and all applications to include the latest security patches. Additionally, use a reliable antivirus software and activate the firewall to safeguard against malware and unauthorized access to sensitive medical information.",Request,medium
DOC-010-CASE-8,DOC-010,Technical Support,Technical Support,Delayed Data Analytics Response. have encountered unanticipated delays,"regrettably, delays have been noticed in Data Analytics Support. kindly share specifics of the issue, the time it occurred, and any error messages received. this information will assist in investigating the cause and providing a swift resolution. we aim to restore speed as soon as possible.",Incident,low
DOC-010-CASE-9,DOC-010,Technical Support,Technical Support,"Issue with MATLAB Data Loading Process. Customer Support, reporting an issue with MATLAB data loading. A financial firm is encountering errors while attempting to load data for analysis. Despite the efforts to resolve the issue, such as restarting MATLAB and checking database connections, the problem continues. We suspect that the issue might be related to compatibility problems with PostgreSQL. We would greatly appreciate any guidance you could provide to resolve the issue or recommend alternative solutions. Please let us know if additional information is required.","Thank you for reaching out to us regarding the issue with the MATLAB data loading process. We are sorry to hear that you are experiencing errors, even after attempting to resolve them by restarting MATLAB and checking database connections. To better assist you, could you please provide the details of the error message you are receiving, as well as the version of MATLAB you are using? Additionally, it would be helpful to know the specific version of PostgreSQL and the database connection settings you are using. This information will help us determine the issue and provide you with the appropriate guidance or alternative solutions.",Incident,medium
DOC-010-CASE-10,DOC-010,Technical Support,Technical Support,"Recurring Disruptions in Software During Peak Traffic Times. During peak traffic hours, users frequently encounter disconnections. Despite optimizing database queries and increasing server capacity, the issues continue. A follow-up email from <name> acknowledges the ongoing problem. They request more details on the disconnection error messages and their frequency. Additionally, <name> would like to schedule a call at a convenient time to discuss further. Please provide a suitable time for the call at <tel_num> to work together to resolve the issue.","<name> writing acknowledge email regarding recurring disruptions in software during peak traffic times. Taken steps to optimize database queries and increase server capacity, but issues persist. Better understanding of the issue requires additional information on disconnection error messages and their frequency. Also, <name> would like to schedule a call at a convenient time to discuss further. Please let know a suitable time for the call at <tel_num> to work together to resolve the issue.",Problem,high
DOC-010-CASE-11,DOC-010,Technical Support,Technical Support,"Problem with Data Load. The data analytics dashboard has failed to load, possibly due to insufficient server resources. I have already restarted the servers and verified the database connections, however, the problem still exists.",I have received your message about the data load issue. I intend to look into it further. Could you kindly provide the server logs and database connection details? I will examine them and will be in touch regarding potential solutions and next steps. Is it alright if I call you at <tel_num> to discuss this issue in greater detail?,Incident,high
DOC-010-CASE-12,DOC-010,Technical Support,Technical Support,"Problems with Digital Signatures Synchronization. Dear Customer Support, I am encountering difficulties with digital signatures not syncing between various platforms. It is possible that the problem originated from a potential integration glitch with Zapier. Despite restarting the Zapier connections and validating the API keys, the issue remains unresolved. I would be grateful if you could take a look at this and offer a solution at your earliest convenience. Please inform me if you require additional information from me. Thank you for your assistance and time. I eagerly await your response.","Dear <name>, thank you for contacting us regarding the synchronization issues with digital signatures. We regret the inconvenience this is causing you. To help us better understand and address the problem, could you please provide us with more information about your Zapier integration and the specific API keys you have already checked. Additionally, could you share the exact error message you are receiving? If necessary, we can arrange a call at <tel_num> to delve deeper into this issue and find a prompt solution. Kindly let us know a suitable time for the call.",Problem,medium
DOC-010-CASE-13,DOC-010,Technical Support,Technical Support,"Problem with Smart Thermostat. We are facing connectivity problems with the Smart Thermostat that we are using with Microsoft Azure. This might be due to recent network configuration changes or software updates. We have already restarted the devices and checked the firewall settings, but the issue still persists.","Thank you for reaching out to us regarding the issue with your Smart Thermostat. We apologize for the inconvenience you are experiencing with the Microsoft Azure connectivity. To further troubleshoot the issue, could you please provide us with more details about the network configuration changes and recent software updates mentioned? Additionally, it would be helpful if you could let us know the exact error message you are seeing. If you are available, we can schedule a call at <tel_num> to discuss the issue and find a solution that works best for you. Please let us know a convenient time for the call.",Problem,medium
DOC-010-CASE-14,DOC-010,Technical Support,Technical Support,"Assistance Required. Our medical data security system is facing vulnerabilities, possibly due to outdated software without proper encryption. Despite attempts to secure the system by updating applications and implementing firewall rules, the issues continue. Urgent assistance is needed to resolve this issue as soon as possible.",Please call <tel_num> to discuss resolving the medical data security vulnerabilities immediately.,Problem,high
